lambda_per_min,days,congestion_rate_mean,congestion_rate_ci_low,congestion_rate_ci_high,avg_delay_min_mean,avg_delay_min_ci_low,avg_delay_min_ci_high,divert_rate_mean,divert_rate_ci_low,divert_rate_ci_high,avg_arrivals_per_day,avg_diverted_per_day
0.02,100,0.02597374866694348,0.021472687333388377,0.030474810000498585,-1.1356724322301675,-1.177603602110823,-1.093741262349512,0.02819068771221598,0.021455487154495134,0.034925888269936825,21.87,0.63
0.1,100,0.09541650313629475,0.09114878258325718,0.09968422368933233,0.9217252532387252,0.7592436801108445,1.0842068263666058,0.1717420135799418,0.16490833210475966,0.1785756950551239,106.91,18.54
0.2,100,0.18652677192565503,0.18282596223385283,0.19022758161745723,6.135524843082338,5.8815505544888556,6.389499131675821,0.3821984207246266,0.3768085631011605,0.38758827834809273,215.36,82.59
0.5,100,0.35812950830728163,0.35397417054386376,0.3622848460706995,17.34203830318822,17.038314247721054,17.64576235865539,0.7141097826704663,0.7123558271608209,0.7158637381801117,537.54,383.96
1.0,100,0.4657132379904656,0.4657132379904656,0.4657132379904656,20.115012987012584,20.115012987012584,20.115012987012584,0.850925925925926,0.850925925925926,0.850925925925926,1080.0,919.0
