lam,congestion_rate_mean,congestion_rate_ci_low,congestion_rate_ci_high,avg_delay_min_mean,avg_delay_min_ci_low,avg_delay_min_ci_high,divert_rate_mean,divert_rate_ci_low,divert_rate_ci_high,avg_arrivals_per_day,avg_diverted_per_day,dias,scenario
0.02,0.020519898158760475,0.020108628023697655,0.020931168293823296,0.609965044610151,0.5950473997427892,0.6248826894775128,0.03648653535450402,0.035716827852986424,0.03725624285602161,21.6004,0.8233,10000,cierre
0.1,0.09205554486121367,0.09168748823089527,0.09242360149153207,2.443327172337006,2.4246758715953325,2.4619784730786796,0.16346000695877883,0.1628449981599637,0.16407501575759395,108.0331,17.7942,10000,cierre
0.2,0.16301097746173887,0.16269734193794075,0.163324612985537,6.570059288214348,6.546148374221119,6.5939702022075775,0.3304370422886589,0.32988715843421607,0.3309869261431017,215.8647,71.6166,10000,cierre
0.5,0.30457077671672433,0.3043504499405387,0.30479110349290994,9.25117233267877,9.227861854620745,9.274482810736796,0.6856502217169891,0.6854324645266674,0.6858679789073108,539.9986,370.3919,10000,cierre
1.0,0.3302512212142359,0.3302512212142359,0.3302512212142359,1.417399767906826,1.417399767906826,1.417399767906826,0.828703703703704,0.828703703703704,0.828703703703704,1080.0,895.0,10000,cierre
