lam,congestion_rate_mean,congestion_rate_ci_low,congestion_rate_ci_high,avg_delay_min_mean,avg_delay_min_ci_low,avg_delay_min_ci_high,divert_rate_mean,divert_rate_ci_low,divert_rate_ci_high,avg_arrivals_per_day,avg_diverted_per_day,dias,scenario
0.08,0.04570428198087855,0.043048481756234366,0.048360082205522736,1.9513244506708327,1.840438250426777,2.0622106509148885,0.15937588863789748,0.15435131043595085,0.1644004668398441,86.475,13.905,200,viento
0.1,0.05162490401306039,0.04920714414538404,0.054042663880736745,2.6519261617065064,2.514382307757916,2.789470015655097,0.20135674982748988,0.1966971984013868,0.20601630125359296,108.565,22.045,200,viento
0.12,0.06022300310337446,0.057762525861842225,0.0626834803449067,3.1966162892756653,3.0362937111936543,3.3569388673576763,0.24356320550373795,0.23907982351415608,0.24804658749331981,129.515,31.725,200,viento
0.14,0.06532736124528077,0.06298644909337239,0.06766827339718914,3.947532218145019,3.7586555855601804,4.136408850729858,0.28183321963542646,0.2778850466657988,0.28578139260505414,151.33,42.855,200,viento
