lam,congestion_rate_mean,congestion_rate_ci_low,congestion_rate_ci_high,avg_delay_min_mean,avg_delay_min_ci_low,avg_delay_min_ci_high,divert_rate_mean,divert_rate_ci_low,divert_rate_ci_high,avg_arrivals_per_day,avg_diverted_per_day,dias,scenario
0.02,0.019499399564309104,0.01908535275860054,0.019913446370017667,0.4137253399903157,0.4042248756896399,0.4232258042909915,0.03648653535450402,0.035716827852986424,0.03725624285602161,21.6004,0.8233,10000,viento
0.1,0.09200111003929774,0.09163392737464217,0.09236829270395332,3.1519712543550966,3.128974253533735,3.1749682551764584,0.16387635147930915,0.16326298053286847,0.16448972242574983,108.0331,17.8421,10000,viento
0.2,0.1641240388604824,0.16381118727290636,0.16443689044805845,8.802100232434066,8.768983675322719,8.835216789545413,0.34473813460005087,0.3441430786538294,0.3453331905462723,215.8647,74.7368,10000,viento
0.5,0.30670104645205865,0.3064817227273497,0.3069203701767676,10.477437978503723,10.449740290227302,10.505135666780143,0.7016880002892293,0.7014558141152573,0.7019201864632013,539.9986,379.0425,10000,viento
1.0,0.390134885591513,0.38981647954707743,0.39045329163594855,2.9598006898189304,2.9135147226838787,3.006086656953982,0.8338164814814815,0.8336046222722654,0.8340283406906975,1080.0,900.5218,10000,viento
