lambda_per_min,days,congestion_rate_mean,congestion_rate_ci_low,congestion_rate_ci_high,avg_delay_min_mean,avg_delay_min_ci_low,avg_delay_min_ci_high,divert_rate_mean,divert_rate_ci_low,divert_rate_ci_high,avg_arrivals_per_day,avg_diverted_per_day
0.02,1000,0.016631856549603596,0.015323632558389342,0.01794008054081785,-0.7690335078214645,-0.8091866679074778,-0.7288803477354512,0.03892002479494661,0.036438647285797335,0.04140140230409589,21.35,0.871
0.05,1000,0.03882073238617332,0.0375685553978559,0.04007290937449074,0.2995549313454835,0.24023471265942703,0.35887515003153997,0.10228546532849092,0.0998706563876054,0.10470027426937645,54.122,5.633
0.08,1000,0.0552965280508826,0.054126182005221325,0.05646687409654388,1.6481065834005793,1.5653526153774697,1.7308605514236888,0.1618100661375678,0.15958646486651495,0.16403366740862063,86.113,14.101
0.1,1000,0.06414018261971652,0.06304732713146795,0.06523303810796509,2.8696042478858725,2.7598440420360206,2.9793644537357244,0.205275575688336,0.20319962574010267,0.2073515256365693,107.914,22.334
0.15,1000,0.08103577048911009,0.08003604702767195,0.08203549395054824,6.443125725528517,6.288718006429626,6.597533444627407,0.3092405588209468,0.30733869068189323,0.3111424269600004,162.264,50.432
0.2,1000,0.09558214937135195,0.0945933717072677,0.09657092703543621,10.058669505130933,9.877258619103163,10.240080391158703,0.40850295233597317,0.40674443092676177,0.41026147374518457,215.511,88.329
